{
    "fun": "grezzo",
    "args": [
        23
    ],
    "n_threads": 1,
    "seq_iter": 16,
    "iter": 20,
    "mean": 1.839547014999971,
    "variance": 0.0003516348455714841
}