{
    "fun": "grezzo",
    "args": [
        23
    ],
    "n_threads": 8,
    "seq_iter": 2,
    "iter": 20,
    "mean": 1.890987915000005,
    "variance": 0.001590839981064472
}