{
    "fun": "grezzo",
    "args": [
        23
    ],
    "n_threads": 4,
    "seq_iter": 4,
    "iter": 20,
    "mean": 1.855553335000036,
    "variance": 0.000406520716111311
}