{
    "fun": "grezzo",
    "args": [
        23
    ],
    "n_threads": 2,
    "seq_iter": 8,
    "iter": 20,
    "mean": 1.8418576599999823,
    "variance": 2.0384927769623723e-05
}