{
    "fun": "just_wait",
    "args": [
        10
    ],
    "n_threads": 8,
    "seq_iter": 2,
    "iter": 20,
    "mean": 2.0187782950000384,
    "variance": 4.1827186050878166e-05
}